<?xml version="1.0" encoding="UTF-8"?>
<QCARConfig>
    <Tracking>
        <ImageTarget name="box.Top" size="0.428000 0.216000"/>
        <ImageTarget name="box.Bottom" size="0.428000 0.216000"/>
        <ImageTarget name="box.Right" size="0.216000 0.321000"/>
        <ImageTarget name="box.Front" size="0.114133 0.07530"/>
        <ImageTarget name="box.Back" size="0.428000 0.321000"/>
        <ImageTarget name="box.Left" size="0.216000 0.321000"/>
        <MultiTarget name="box">
            <Part name="box.Top" translation="0 0.1605 0" rotation="AD: 1 0 0 -90"/>
            <Part name="box.Bottom" translation="0 -0.1605 0" rotation="AD: 1 0 0 90"/>
            <Part name="box.Right" translation="0.214 0 0" rotation="AD: 0 1 0 90"/>
            <Part name="box.Front" translation="0 0 0.0270" rotation="AD: 0 0 1 90"/>
            <Part name="box.Back" translation="0 0 -0.108" rotation="AD: 0 1 0 180"/>
            <Part name="box.Left" translation="-0.214 0 0" rotation="AD: 0 1 0 -90"/>
        </MultiTarget>
    </Tracking>
</QCARConfig>
