<?xml version="1.0" encoding="UTF-8"?>
<QCARConfig>
    <Tracking>
        <ImageTarget name="box.Top" size="0.122286 0.061714"/>
        <ImageTarget name="box.Bottom" size="0.122286 0.061714"/>
        <ImageTarget name="box.Right" size="0.061714 0.321000"/>
        <ImageTarget name="box.Front" size="0.122286 0.091714"/>
        <ImageTarget name="box.Back" size="0.122286 0.091714"/>
        <ImageTarget name="box.Left" size="0.061714 0.091714"/>
        <MultiTarget name="box">
            <Part name="box.Top" translation="0 0.04586 0" rotation="AD: 1 0 0 -90"/>
            <Part name="box.Bottom" translation="0 -0.04586 0" rotation="AD: 1 0 0 90"/>
            <Part name="box.Right" translation="0.061142 0 0" rotation="AD: 0 1 0 90"/>
            <Part name="box.Front" translation="0 0 0.007714" rotation="AD: 0 0 1 0"/>
            <Part name="box.Back" translation="0 0 -0.030857" rotation="AD: 0 1 0 180"/>
            <Part name="box.Left" translation="-0.061142 0 0" rotation="AD: 0 1 0 -90"/>
        </MultiTarget>
    </Tracking>
</QCARConfig>
