<?xml version="1.0" encoding="UTF-8"?>
<QCARConfig>
    <Tracking>
        <ImageTarget name="VSB_BOX.Top" size="428.000000 216.000000"/>
        <ImageTarget name="VSB_BOX.Bottom" size="428.000000 216.000000"/>
        <ImageTarget name="VSB_BOX.Right" size="216.000000 321.000000"/>
        <ImageTarget name="VSB_BOX.Front" size="428.000000 321.000000"/>
        <ImageTarget name="VSB_BOX.Back" size="428.000000 321.000000"/>
        <ImageTarget name="VSB_BOX.Left" size="216.000000 321.000000"/>
        <MultiTarget name="VSB_BOX">
            <Part name="VSB_BOX.Left" translation="-214.0 0 0" rotation="AD: 0 1 0 -90"/>
            <Part name="VSB_BOX.Right" translation="214.0 0 0" rotation="AD: 0 1 0 90"/>
            <Part name="VSB_BOX.Front" translation="0 0 108.0" rotation="AD: 1 0 0 0"/>
            <Part name="VSB_BOX.Back" translation="0 0 -108.0" rotation="AD: 0 1 0 180"/>
            <Part name="VSB_BOX.Top" translation="0 160.5 0" rotation="AD: 1 0 0 -90"/>
            <Part name="VSB_BOX.Bottom" translation="0 -160.5 0" rotation="AD: 1 0 0 90"/>
        </MultiTarget>
        <ImageTarget name="QR" size="0.200000 0.200000"/>
        <ImageTarget name="4" size="0.100000 0.099765"/>
        <ImageTarget name="3" size="0.100000 0.099765"/>
        <ImageTarget name="2" size="0.100000 0.099765"/>
        <ImageTarget name="1" size="0.100000 0.099765"/>
        <ImageTarget name="VSB" size="0.100000 0.049846"/>
    </Tracking>
</QCARConfig>
